<?xml version="1.0" encoding="utf-8" ?>
<rss version="2.0">
    <channel>
        <title><![CDATA[속보 - 이티뉴스]]></title>
        <link>https://www.etnews.com</link>
        <description><![CDATA[대한민국 IT포털의 중심! 이티뉴스]]></description>
        <language>ko</language>
        <pubDate>Thu, 29 Jul 2021 18:00:40 +0900</pubDate>
        <lastBuildDate>Thu, 29 Jul 2021 18:00:40 +0900</lastBuildDate>
        <image>
            <title><![CDATA[속보 - 이티뉴스]]></title>
            <url>https://img.etnews.com/Et_2010/images/top/logo_sub.jpg</url>
            <link>https://www.etnews.com</link>
            <description></description>
        </image>
        <item>
            <title><![CDATA[[인사]과학기술정보통신부]]></title>
            <link>https://www.etnews.com/20210729000336</link>
            <description><![CDATA[◆과학기술정보통신부 ◇국장급 파견 △지식재산전략기획단 지식재산정책관 김봉수 ◇ 과장급 인사 △국립중앙과학관 김형수 △국립전파연구원 전파자원기획과장 이환욱 박지성기자 jisung@etnews.com]]></description>
            <author><![CDATA[박지성]]></author>
            <guid>20210729000336</guid>
            <comments>https://www.etnews.com/20210729000336</comments>
            <pubDate>Thu, 29 Jul 2021 18:00:00 +0900</pubDate>
        </item>
        <item>
            <title><![CDATA[캐롯손보, '대한민국디지털애드어워즈' 대상 수상]]></title>
            <link>https://www.etnews.com/20210729000335</link>
            <description><![CDATA[캐롯손해보험은 2021 대한민국디지털애드어워즈에서 디지털 크리에이티브(배너) 부문 대상을 수상했다고 29일 밝혔다. 대한민국디지털애드어워즈는 한국디지털광고협회가 주관하는 디지털광고 시상식으로 디지털광고...]]></description>
            <author><![CDATA[박윤호]]></author>
            <guid>20210729000335</guid>
            <comments>https://www.etnews.com/20210729000335</comments>
            <pubDate>Thu, 29 Jul 2021 17:57:00 +0900</pubDate>
        </item>
        <item>
            <title><![CDATA[[인사]예금보험공사]]></title>
            <link>https://www.etnews.com/20210729000334</link>
            <description><![CDATA[◆예금보험공사 <신규보임> △정보보호실 데이터관리팀장 이동근 박윤호기자 yuno@etnews.com]]></description>
            <author><![CDATA[박윤호]]></author>
            <guid>20210729000334</guid>
            <comments>https://www.etnews.com/20210729000334</comments>
            <pubDate>Thu, 29 Jul 2021 17:52:00 +0900</pubDate>
        </item>
        <item>
            <title><![CDATA[LX하우시스, 2분기 영업익 301억…전년 비 128% ↑]]></title>
            <link>https://www.etnews.com/20210729000333</link>
            <description><![CDATA[LX하우시스는 2분기 매출 9007억원, 영업이익 301억원을 기록했다고 29일 밝혔다. 매출은 지난해 동기 대비 25.1% 증가했으며, 영업이익은 127.9% 늘었다. LX하우시스는 “고단열 창호, 기능성 시트 바닥재, 엔지니...]]></description>
            <author><![CDATA[윤건일]]></author>
            <guid>20210729000333</guid>
            <comments>https://www.etnews.com/20210729000333</comments>
            <pubDate>Thu, 29 Jul 2021 17:44:00 +0900</pubDate>
        </item>
        <item>
            <title><![CDATA[[포토]전예성, 산뜻한 미소로 출발해요]]></title>
            <link>https://www.etnews.com/20210729000331</link>
            <description><![CDATA[[제주 서귀포=전자신문 손진현 기자] 2021 KLPGA 투어 열다섯 번째 대회이자 상반기 마지막 대회인 제주삼다수 마스터스(총상금 9억 원, 우승상금 1억 6,200만원)가 제주도 서귀포시에 위치한 우리들 골프&리조트(...]]></description>
            <author><![CDATA[손진현]]></author>
            <guid>20210729000331</guid>
            <comments>https://www.etnews.com/20210729000331</comments>
            <pubDate>Thu, 29 Jul 2021 17:35:00 +0900</pubDate>
        </item>
        <item>
            <title><![CDATA[[포토]전예성, 우승의 기운을 이어 갑니다]]></title>
            <link>https://www.etnews.com/20210729000330</link>
            <description><![CDATA[[제주 서귀포=전자신문 손진현 기자] 2021 KLPGA 투어 열다섯 번째 대회이자 상반기 마지막 대회인 제주삼다수 마스터스(총상금 9억 원, 우승상금 1억 6,200만원)가 제주도 서귀포시에 위치한 우리들 골프&리조트(...]]></description>
            <author><![CDATA[손진현]]></author>
            <guid>20210729000330</guid>
            <comments>https://www.etnews.com/20210729000330</comments>
            <pubDate>Thu, 29 Jul 2021 17:34:00 +0900</pubDate>
        </item>
        <item>
            <title><![CDATA[[포토]유해란, 대회 3연속 우승에 도전합니다]]></title>
            <link>https://www.etnews.com/20210729000329</link>
            <description><![CDATA[[제주 서귀포=전자신문 손진현 기자] 2021 KLPGA 투어 열다섯 번째 대회이자 상반기 마지막 대회인 제주삼다수 마스터스(총상금 9억 원, 우승상금 1억 6,200만원)가 제주도 서귀포시에 위치한 우리들 골프&리조트(...]]></description>
            <author><![CDATA[손진현]]></author>
            <guid>20210729000329</guid>
            <comments>https://www.etnews.com/20210729000329</comments>
            <pubDate>Thu, 29 Jul 2021 17:32:00 +0900</pubDate>
        </item>
        <item>
            <title><![CDATA[[포토]손연정, 오늘 잘하고 올게요]]></title>
            <link>https://www.etnews.com/20210729000328</link>
            <description><![CDATA[[제주 서귀포=전자신문 손진현 기자] 2021 KLPGA 투어 열다섯 번째 대회이자 상반기 마지막 대회인 제주삼다수 마스터스(총상금 9억 원, 우승상금 1억 6,200만원)가 제주도 서귀포시에 위치한 우리들 골프&리조트(...]]></description>
            <author><![CDATA[손진현]]></author>
            <guid>20210729000328</guid>
            <comments>https://www.etnews.com/20210729000328</comments>
            <pubDate>Thu, 29 Jul 2021 17:31:00 +0900</pubDate>
        </item>
        <item>
            <title><![CDATA[[포토]손연정, 정확한 티샷]]></title>
            <link>https://www.etnews.com/20210729000327</link>
            <description><![CDATA[[제주 서귀포=전자신문 손진현 기자] 2021 KLPGA 투어 열다섯 번째 대회이자 상반기 마지막 대회인 제주삼다수 마스터스(총상금 9억 원, 우승상금 1억 6,200만원)가 제주도 서귀포시에 위치한 우리들 골프&리조트(...]]></description>
            <author><![CDATA[손진현]]></author>
            <guid>20210729000327</guid>
            <comments>https://www.etnews.com/20210729000327</comments>
            <pubDate>Thu, 29 Jul 2021 17:27:00 +0900</pubDate>
        </item>
        <item>
            <title><![CDATA[주연테크, 우즈벡 교육정보화 사업에 PC 1만5000대 납품]]></title>
            <link>https://www.etnews.com/20210729000326</link>
            <description><![CDATA[주연테크는 KT와 우즈베키스탄 교육정보화 사업 관련 63억원 규모 PC 공급 계약을 체결했다고 29일 밝혔다. 이번 추가 PC공급 계약 수량은 1만5000여 대로, 총 63억4000만원 규모다. 지난해 매출 626억606만원의 10....]]></description>
            <author><![CDATA[정용철]]></author>
            <guid>20210729000326</guid>
            <comments>https://www.etnews.com/20210729000326</comments>
            <pubDate>Thu, 29 Jul 2021 17:26:00 +0900</pubDate>
        </item>
        <item>
            <title><![CDATA[코웨이, 얼음정수기 렌털료 할인 프로모션]]></title>
            <link>https://www.etnews.com/20210729000325</link>
            <description><![CDATA[코웨이가 여름을 맞아 8월까지 얼음정수기 렌털료 할인 프로모션을 진행한다고 29일 밝혔다. 코웨이는 연일 무더위가 지속되는 가운데 얼음정수기를 찾는 소비자들이 합리적인 비용으로 코웨이 얼음정수기를 마련할...]]></description>
            <author><![CDATA[권건호]]></author>
            <guid>20210729000325</guid>
            <comments>https://www.etnews.com/20210729000325</comments>
            <pubDate>Thu, 29 Jul 2021 17:26:00 +0900</pubDate>
        </item>
        <item>
            <title><![CDATA[[포토]손연정, 귀엽게 인사해요]]></title>
            <link>https://www.etnews.com/20210729000324</link>
            <description><![CDATA[[제주 서귀포=전자신문 손진현 기자] 2021 KLPGA 투어 열다섯 번째 대회이자 상반기 마지막 대회인 제주삼다수 마스터스(총상금 9억 원, 우승상금 1억 6,200만원)가 제주도 서귀포시에 위치한 우리들 골프&리조트(...]]></description>
            <author><![CDATA[손진현]]></author>
            <guid>20210729000324</guid>
            <comments>https://www.etnews.com/20210729000324</comments>
            <pubDate>Thu, 29 Jul 2021 17:25:00 +0900</pubDate>
        </item>
        <item>
            <title><![CDATA[[포토]박민지, 승리의 '브이'로 인사]]></title>
            <link>https://www.etnews.com/20210729000323</link>
            <description><![CDATA[[제주 서귀포=전자신문 손진현 기자] 2021 KLPGA 투어 열다섯 번째 대회이자 상반기 마지막 대회인 제주삼다수 마스터스(총상금 9억 원, 우승상금 1억 6,200만원)가 제주도 서귀포시에 위치한 우리들 골프&리조트(...]]></description>
            <author><![CDATA[손진현]]></author>
            <guid>20210729000323</guid>
            <comments>https://www.etnews.com/20210729000323</comments>
            <pubDate>Thu, 29 Jul 2021 17:24:00 +0900</pubDate>
        </item>
        <item>
            <title><![CDATA[힘펠-현대H몰 쇼핑라이브, 프리미엄 욕실 환기가전 '휴젠뜨' 선봬]]></title>
            <link>https://www.etnews.com/20210729000321</link>
            <description><![CDATA[힘펠(대표 김정환)이 29일 오후 4시부터 현대홈쇼핑 공식 온라인몰 현대H몰 쇼핑라이브를 통해 프리미엄 욕실 환기가전 휴젠뜨 라이브 방송을 진행한다. 힘펠은 고온 다습한 여름철 날씨로 인한 각종 세균, 곰팡...]]></description>
            <author><![CDATA[박소라]]></author>
            <guid>20210729000321</guid>
            <comments>https://www.etnews.com/20210729000321</comments>
            <pubDate>Thu, 29 Jul 2021 17:24:00 +0900</pubDate>
        </item>
        <item>
            <title><![CDATA[[포토]박민지, 제주도에도 우승할 거에요]]></title>
            <link>https://www.etnews.com/20210729000320</link>
            <description><![CDATA[[제주 서귀포=전자신문 손진현 기자] 2021 KLPGA 투어 열다섯 번째 대회이자 상반기 마지막 대회인 제주삼다수 마스터스(총상금 9억 원, 우승상금 1억 6,200만원)가 제주도 서귀포시에 위치한 우리들 골프&리조트(...]]></description>
            <author><![CDATA[손진현]]></author>
            <guid>20210729000320</guid>
            <comments>https://www.etnews.com/20210729000320</comments>
            <pubDate>Thu, 29 Jul 2021 17:23:00 +0900</pubDate>
        </item>
        <item>
            <title><![CDATA[[포토]한진선, 첫 티샷 느낌 좋아요]]></title>
            <link>https://www.etnews.com/20210729000319</link>
            <description><![CDATA[[제주 서귀포=전자신문 손진현 기자] 2021 KLPGA 투어 열다섯 번째 대회이자 상반기 마지막 대회인 제주삼다수 마스터스(총상금 9억 원, 우승상금 1억 6,200만원)가 제주도 서귀포시에 위치한 우리들 골프&리조트(...]]></description>
            <author><![CDATA[손진현]]></author>
            <guid>20210729000319</guid>
            <comments>https://www.etnews.com/20210729000319</comments>
            <pubDate>Thu, 29 Jul 2021 17:19:00 +0900</pubDate>
        </item>
        <item>
            <title><![CDATA[[포토]한진선, 선두권으로 향하는 티샷]]></title>
            <link>https://www.etnews.com/20210729000318</link>
            <description><![CDATA[[제주 서귀포=전자신문 손진현 기자] 2021 KLPGA 투어 열다섯 번째 대회이자 상반기 마지막 대회인 제주삼다수 마스터스(총상금 9억 원, 우승상금 1억 6,200만원)가 제주도 서귀포시에 위치한 우리들 골프&리조트(...]]></description>
            <author><![CDATA[손진현]]></author>
            <guid>20210729000318</guid>
            <comments>https://www.etnews.com/20210729000318</comments>
            <pubDate>Thu, 29 Jul 2021 17:17:00 +0900</pubDate>
        </item>
        <item>
            <title><![CDATA[[포토]한진선, 기분 좋은 미소로]]></title>
            <link>https://www.etnews.com/20210729000317</link>
            <description><![CDATA[[제주 서귀포=전자신문 손진현 기자] 2021 KLPGA 투어 열다섯 번째 대회이자 상반기 마지막 대회인 제주삼다수 마스터스(총상금 9억 원, 우승상금 1억 6,200만원)가 제주도 서귀포시에 위치한 우리들 골프&리조트(...]]></description>
            <author><![CDATA[손진현]]></author>
            <guid>20210729000317</guid>
            <comments>https://www.etnews.com/20210729000317</comments>
            <pubDate>Thu, 29 Jul 2021 17:16:00 +0900</pubDate>
        </item>
        <item>
            <title><![CDATA[[포토]한진선, 오늘 느낌 좋아요!]]></title>
            <link>https://www.etnews.com/20210729000316</link>
            <description><![CDATA[[제주 서귀포=전자신문 손진현 기자] 2021 KLPGA 투어 열다섯 번째 대회이자 상반기 마지막 대회인 제주삼다수 마스터스(총상금 9억 원, 우승상금 1억 6,200만원)가 제주도 서귀포시에 위치한 우리들 골프&리조트(...]]></description>
            <author><![CDATA[손진현]]></author>
            <guid>20210729000316</guid>
            <comments>https://www.etnews.com/20210729000316</comments>
            <pubDate>Thu, 29 Jul 2021 17:15:00 +0900</pubDate>
        </item>
        <item>
            <title><![CDATA[[포토]한진선, 버디가 필요해요]]></title>
            <link>https://www.etnews.com/20210729000315</link>
            <description><![CDATA[[제주 서귀포=전자신문 손진현 기자] 2021 KLPGA 투어 열다섯 번째 대회이자 상반기 마지막 대회인 제주삼다수 마스터스(총상금 9억 원, 우승상금 1억 6,200만원)가 제주도 서귀포시에 위치한 우리들 골프&리조트(...]]></description>
            <author><![CDATA[손진현]]></author>
            <guid>20210729000315</guid>
            <comments>https://www.etnews.com/20210729000315</comments>
            <pubDate>Thu, 29 Jul 2021 17:14:00 +0900</pubDate>
        </item>
        <item>
            <title><![CDATA[[포토]이혜정, 우아한 티샷]]></title>
            <link>https://www.etnews.com/20210729000312</link>
            <description><![CDATA[[제주 서귀포=전자신문 손진현 기자] 2021 KLPGA 투어 열다섯 번째 대회이자 상반기 마지막 대회인 제주삼다수 마스터스(총상금 9억 원, 우승상금 1억 6,200만원)가 제주도 서귀포시에 위치한 우리들 골프&리조트(...]]></description>
            <author><![CDATA[손진현]]></author>
            <guid>20210729000312</guid>
            <comments>https://www.etnews.com/20210729000312</comments>
            <pubDate>Thu, 29 Jul 2021 17:12:00 +0900</pubDate>
        </item>
        <item>
            <title><![CDATA[[포토]이혜정, 정확한 어프로치로]]></title>
            <link>https://www.etnews.com/20210729000311</link>
            <description><![CDATA[[제주 서귀포=전자신문 손진현 기자] 2021 KLPGA 투어 열다섯 번째 대회이자 상반기 마지막 대회인 제주삼다수 마스터스(총상금 9억 원, 우승상금 1억 6,200만원)가 제주도 서귀포시에 위치한 우리들 골프&리조트(...]]></description>
            <author><![CDATA[손진현]]></author>
            <guid>20210729000311</guid>
            <comments>https://www.etnews.com/20210729000311</comments>
            <pubDate>Thu, 29 Jul 2021 17:11:00 +0900</pubDate>
        </item>
        <item>
            <title><![CDATA[[포토]한진선-이혜정, 오늘은 맞춤이에요!]]></title>
            <link>https://www.etnews.com/20210729000310</link>
            <description><![CDATA[[제주 서귀포=전자신문 손진현 기자] 2021 KLPGA 투어 열다섯 번째 대회이자 상반기 마지막 대회인 제주삼다수 마스터스(총상금 9억 원, 우승상금 1억 6,200만원)가 제주도 서귀포시에 위치한 우리들 골프&리조트(...]]></description>
            <author><![CDATA[손진현]]></author>
            <guid>20210729000310</guid>
            <comments>https://www.etnews.com/20210729000310</comments>
            <pubDate>Thu, 29 Jul 2021 17:09:00 +0900</pubDate>
        </item>
        <item>
            <title><![CDATA[[포토]김재희, 기분 좋게 전반 마무리]]></title>
            <link>https://www.etnews.com/20210729000309</link>
            <description><![CDATA[[제주 서귀포=전자신문 손진현 기자] 2021 KLPGA 투어 열다섯 번째 대회이자 상반기 마지막 대회인 제주삼다수 마스터스(총상금 9억 원, 우승상금 1억 6,200만원)가 제주도 서귀포시에 위치한 우리들 골프&리조트(...]]></description>
            <author><![CDATA[손진현]]></author>
            <guid>20210729000309</guid>
            <comments>https://www.etnews.com/20210729000309</comments>
            <pubDate>Thu, 29 Jul 2021 17:07:00 +0900</pubDate>
        </item>
        <item>
            <title><![CDATA[[포토]김재희, 캐디 오빠 최고에요!]]></title>
            <link>https://www.etnews.com/20210729000308</link>
            <description><![CDATA[[제주 서귀포=전자신문 손진현 기자] 2021 KLPGA 투어 열다섯 번째 대회이자 상반기 마지막 대회인 제주삼다수 마스터스(총상금 9억 원, 우승상금 1억 6,200만원)가 제주도 서귀포시에 위치한 우리들 골프&리조트(...]]></description>
            <author><![CDATA[손진현]]></author>
            <guid>20210729000308</guid>
            <comments>https://www.etnews.com/20210729000308</comments>
            <pubDate>Thu, 29 Jul 2021 17:06:00 +0900</pubDate>
        </item>
        <item>
            <title><![CDATA[위니아딤채 7월 위니아 에어컨 판매량, 작년 대비 496％ 늘었다]]></title>
            <link>https://www.etnews.com/20210729000307</link>
            <description><![CDATA[위니아딤채는 최근 폭염과 코로나19에 따른 실내활동 증가에 따라 올해 7월 위니아 에어컨 판매량이 지난해 동기 대비 496% 증가했다고 29일 밝혔다. 스탠드 에어컨 판매량은 317% 증가했고, 벽걸이 에어컨은 666%...]]></description>
            <author><![CDATA[박소라]]></author>
            <guid>20210729000307</guid>
            <comments>https://www.etnews.com/20210729000307</comments>
            <pubDate>Thu, 29 Jul 2021 17:06:00 +0900</pubDate>
        </item>
        <item>
            <title><![CDATA[[포토]김재희, 버디 후 발걸음 가볍게]]></title>
            <link>https://www.etnews.com/20210729000306</link>
            <description><![CDATA[[제주 서귀포=전자신문 손진현 기자] 2021 KLPGA 투어 열다섯 번째 대회이자 상반기 마지막 대회인 제주삼다수 마스터스(총상금 9억 원, 우승상금 1억 6,200만원)가 제주도 서귀포시에 위치한 우리들 골프&리조트(...]]></description>
            <author><![CDATA[손진현]]></author>
            <guid>20210729000306</guid>
            <comments>https://www.etnews.com/20210729000306</comments>
            <pubDate>Thu, 29 Jul 2021 17:05:00 +0900</pubDate>
        </item>
        <item>
            <title><![CDATA[[포토]김재희, 가볍게 버디 성공]]></title>
            <link>https://www.etnews.com/20210729000305</link>
            <description><![CDATA[[제주 서귀포=전자신문 손진현 기자] 2021 KLPGA 투어 열다섯 번째 대회이자 상반기 마지막 대회인 제주삼다수 마스터스(총상금 9억 원, 우승상금 1억 6,200만원)가 제주도 서귀포시에 위치한 우리들 골프&리조트(...]]></description>
            <author><![CDATA[손진현]]></author>
            <guid>20210729000305</guid>
            <comments>https://www.etnews.com/20210729000305</comments>
            <pubDate>Thu, 29 Jul 2021 17:03:00 +0900</pubDate>
        </item>
        <item>
            <title><![CDATA['비연소의 과학' 패러다임 바꾼다...담배 업계도 '동참']]></title>
            <link>https://www.etnews.com/20210729000304</link>
            <description><![CDATA[최근 비연소 제품이 산업계 화두로 떠올랐다. 자동차 업계의 친환경 모빌리티 혁명부터 제조·석유화학업계의 탈석탄 선언에 나섰고 담배업계도 비연소 제품을 미래먹거리로 낙점하고 강화에 나섰다. 일반적으로...]]></description>
            <author><![CDATA[박효주]]></author>
            <guid>20210729000304</guid>
            <comments>https://www.etnews.com/20210729000304</comments>
            <pubDate>Thu, 29 Jul 2021 17:03:00 +0900</pubDate>
        </item>
        <item>
            <title><![CDATA[[포토]김재희, 오늘은 새로운 캐디와 함께]]></title>
            <link>https://www.etnews.com/20210729000303</link>
            <description><![CDATA[[제주 서귀포=전자신문 손진현 기자] 2021 KLPGA 투어 열다섯 번째 대회이자 상반기 마지막 대회인 제주삼다수 마스터스(총상금 9억 원, 우승상금 1억 6,200만원)가 제주도 서귀포시에 위치한 우리들 골프&리조트(...]]></description>
            <author><![CDATA[손진현]]></author>
            <guid>20210729000303</guid>
            <comments>https://www.etnews.com/20210729000303</comments>
            <pubDate>Thu, 29 Jul 2021 17:01:00 +0900</pubDate>
        </item>
    </channel>
</rss>
